key,closed date,issue type,assignee,created,IT Team,Issue Priority,Labels,Reporter,Resolution,Summary,Description
JIRA-SP-091,2024-12-19 04:16:09,Bug,jane.smith@company.com,2024-12-18 17:45:38,Specialty Rules Engine,Medium,"Code Fix,#SPECIALTY_CUSTOM",support.team@company.com,"1. Review rules engine evaluation logic
2. Fix data type conversions in rule conditions
3. Add validation for rule configuration
4. Implement rule testing framework
5. Update existing rules with correct data types
6. Add monitoring for rule execution failures
7. Deploy fix and monitor auto-approval rates",Specialty authorization rules not triggering correctly,Custom business rules for specialty authorizations failing to trigger. Rules engine evaluating conditions incorrectly due to data type mismatch. Causing manual review of cases that should auto-approve.
JIRA-MM-024,2025-10-15 15:17:53,Performance,diana.garcia@company.com,2025-10-14 17:45:38,MM Infrastructure,High,"Configuration Fix,#MM_ALDER",product.team@company.com,"1. Increase connection pool size from 100 to 200
2. Implement connection timeout of 30 seconds
3. Add connection pool monitoring alerts
4. Review slow queries and add indexes
5. Deploy configuration changes
6. Monitor connection pool metrics",MM service database connection pool exhaustion,Service hitting maximum database connection limit during peak hours. Connection pool metrics show sustained 100% utilization. Causing 504 Gateway Timeout errors for member eligibility lookups.
JIRA-MM-020,2025-06-02 19:31:20,Bug,bob.johnson@company.com,2025-06-01 17:45:38,MM Core Team,Medium,"Code Fix,#MM_ALDER,#MMALDR",support.team@company.com,"1. Analyze heap dump: jmap -dump:live,format=b,file=heap.bin <pid>
2. Identify leak source in background worker
3. Add proper resource cleanup in finally blocks
4. Implement connection pooling with max age
5. Deploy fix and monitor memory usage
6. Set up alerts for memory threshold (>80%)",MM_ALDER service memory leak in event handler,Memory usage grows continuously in event handler until service crashes. Heap dump shows retention of event listener objects. Issue started after recent deployment.
JIRA-CI-059,2025-09-18 08:39:48,Bug,diana.garcia@company.com,2025-09-17 17:45:38,CIW Integration,Medium,"Code Fix,#CIW_INTEGRATION",qa.team@company.com,"1. Review validation rules in member registration/validators.py
2. Analyze rejected records to identify pattern
3. Update validation regex to handle edge cases
4. Add exception handling for null/empty values
5. Implement validation bypass for admin users
6. Update unit tests with edge case scenarios
7. Deploy to staging and test with sample data
8. Monitor error rates after production deployment",CIW data validation errors in claims submission,CIW claims submission rejecting valid records with validation errors. Error message: 'Invalid reference'. Validation logic too strict and rejecting legitimate edge cases.
JIRA-CI-058,2025-06-12 20:51:08,Integration Issue,diana.garcia@company.com,2025-06-12 17:45:38,CIW API Team,Medium,"Configuration Fix,#CIW_INTEGRATION",ops.team@company.com,"1. Implement Redis-based token cache for shared state
2. Add automatic token refresh before expiration
3. Implement retry logic with exponential backoff
4. Add token validation logging
5. Deploy configuration changes
6. Monitor authentication success rates",CIW API authentication failures with third-party provider,OAuth token refresh failing intermittently. Receiving 401 Unauthorized errors. Token cache not properly synchronized across multiple service instances.
JIRA-SP-073,2025-07-19 06:50:24,Bug,charlie.brown@company.com,2025-07-18 17:45:38,Specialty Rules Engine,High,"Code Fix,#SPECIALTY_CUSTOM",qa.team@company.com,"1. Review rules engine evaluation logic
2. Fix data type conversions in rule conditions
3. Add validation for rule configuration
4. Implement rule testing framework
5. Update existing rules with correct data types
6. Add monitoring for rule execution failures
7. Deploy fix and monitor auto-approval rates",Specialty authorization rules not triggering correctly,Custom business rules for specialty authorizations failing to trigger. Rules engine evaluating conditions incorrectly due to data type mismatch. Causing manual review of cases that should auto-approve.
JIRA-SP-081,2025-09-11 08:04:22,Feature Request,john.doe@company.com,2025-09-09 17:45:38,Specialty Services,Medium,"Code Fix,#SPECIALTY_CUSTOM",product.team@company.com,"1. Design workflow state machine with 5 stages
2. Implement credentialing API client
3. Build document upload and verification service
4. Create automated notification system
5. Add workflow tracking dashboard
6. Conduct UAT with business team
7. Deploy to production with phased rollout",Custom workflow automation for specialty provider onboarding,Business team needs automated workflow for specialty provider credentialing. Current manual process takes 2 weeks. Need to integrate with external credentialing API and automate document verification.
JIRA-MM-012,2025-09-22 17:10:52,Bug,bob.johnson@company.com,2025-09-20 17:45:38,MM Batch Processing,Critical,"Code Fix,#MM_ALDER,#MMALDR",support.team@company.com,"1. Implement batch processing with 1000 record chunks
2. Add pagination to database queries
3. Clear processed records from memory
4. Increase JVM heap size to 8GB
5. Add job monitoring and alerting
6. Test with production data volume",MM_ALDER batch processing job failures,Nightly batch job failing with OOM errors. Processing 500K+ records causing heap overflow. Job runs fine with smaller datasets but fails in production volume.
JIRA-CI-062,2025-10-12 01:43:59,Bug,bob.johnson@company.com,2025-10-11 17:45:38,CIW Integration,High,"Code Fix,#CIW_INTEGRATION",product.team@company.com,"1. Review validation rules in member registration/validators.py
2. Analyze rejected records to identify pattern
3. Update validation regex to handle edge cases
4. Add exception handling for null/empty values
5. Implement validation bypass for admin users
6. Update unit tests with edge case scenarios
7. Deploy to staging and test with sample data
8. Monitor error rates after production deployment",CIW data validation errors in claims submission,CIW claims submission rejecting valid records with validation errors. Error message: 'Invalid reference'. Validation logic too strict and rejecting legitimate edge cases.
JIRA-CI-040,2025-04-20 14:30:49,Bug,bob.johnson@company.com,2025-04-18 17:45:38,CIW Integration,Low,"Code Fix,#CIW_INTEGRATION",qa.team@company.com,"1. Review validation rules in member registration/validators.py
2. Analyze rejected records to identify pattern
3. Update validation regex to handle edge cases
4. Add exception handling for null/empty values
5. Implement validation bypass for admin users
6. Update unit tests with edge case scenarios
7. Deploy to staging and test with sample data
8. Monitor error rates after production deployment",CIW data validation errors in claims submission,CIW claims submission rejecting valid records with validation errors. Error message: 'Invalid reference'. Validation logic too strict and rejecting legitimate edge cases.
JIRA-SP-080,2024-12-09 19:20:02,Bug,bob.johnson@company.com,2024-12-08 17:45:38,Specialty Rules Engine,Critical,"Code Fix,#SPECIALTY_CUSTOM",product.team@company.com,"1. Review rules engine evaluation logic
2. Fix data type conversions in rule conditions
3. Add validation for rule configuration
4. Implement rule testing framework
5. Update existing rules with correct data types
6. Add monitoring for rule execution failures
7. Deploy fix and monitor auto-approval rates",Specialty authorization rules not triggering correctly,Custom business rules for specialty authorizations failing to trigger. Rules engine evaluating conditions incorrectly due to data type mismatch. Causing manual review of cases that should auto-approve.
JIRA-MM-010,2025-07-31 10:57:20,Performance,charlie.brown@company.com,2025-07-30 17:45:38,MM Infrastructure,Medium,"Configuration Fix,#MM_ALDER",ops.team@company.com,"1. Increase connection pool size from 100 to 200
2. Implement connection timeout of 30 seconds
3. Add connection pool monitoring alerts
4. Review slow queries and add indexes
5. Deploy configuration changes
6. Monitor connection pool metrics",MM service database connection pool exhaustion,Service hitting maximum database connection limit during peak hours. Connection pool metrics show sustained 100% utilization. Causing 504 Gateway Timeout errors for member eligibility lookups.
JIRA-SP-092,2025-10-09 12:50:32,Feature Request,charlie.brown@company.com,2025-10-08 17:45:38,Specialty Services,Low,"Code Fix,#SPECIALTY_CUSTOM",product.team@company.com,"1. Design workflow state machine with 5 stages
2. Implement credentialing API client
3. Build document upload and verification service
4. Create automated notification system
5. Add workflow tracking dashboard
6. Conduct UAT with business team
7. Deploy to production with phased rollout",Custom workflow automation for specialty provider onboarding,Business team needs automated workflow for specialty provider credentialing. Current manual process takes 2 weeks. Need to integrate with external credentialing API and automate document verification.
JIRA-MM-029,2025-02-12 17:43:50,Bug,diana.garcia@company.com,2025-02-10 17:45:38,MM Core Team,Medium,"Code Fix,#MM_ALDER,#MMALDR",support.team@company.com,"1. Analyze heap dump: jmap -dump:live,format=b,file=heap.bin <pid>
2. Identify leak source in background worker
3. Add proper resource cleanup in finally blocks
4. Implement connection pooling with max age
5. Deploy fix and monitor memory usage
6. Set up alerts for memory threshold (>80%)",MM_ALDER service memory leak in event handler,Memory usage grows continuously in event handler until service crashes. Heap dump shows retention of event listener objects. Issue started after recent deployment.
JIRA-MM-008,2024-12-24 09:51:34,Performance,jane.smith@company.com,2024-12-22 17:45:38,MM Infrastructure,Low,"Configuration Fix,#MM_ALDER",product.team@company.com,"1. Increase connection pool size from 100 to 200
2. Implement connection timeout of 30 seconds
3. Add connection pool monitoring alerts
4. Review slow queries and add indexes
5. Deploy configuration changes
6. Monitor connection pool metrics",MM service database connection pool exhaustion,Service hitting maximum database connection limit during peak hours. Connection pool metrics show sustained 100% utilization. Causing 504 Gateway Timeout errors for member eligibility lookups.
JIRA-SP-098,2025-02-17 15:10:53,Bug,charlie.brown@company.com,2025-02-16 17:45:38,Specialty Rules Engine,Medium,"Code Fix,#SPECIALTY_CUSTOM",product.team@company.com,"1. Review rules engine evaluation logic
2. Fix data type conversions in rule conditions
3. Add validation for rule configuration
4. Implement rule testing framework
5. Update existing rules with correct data types
6. Add monitoring for rule execution failures
7. Deploy fix and monitor auto-approval rates",Specialty authorization rules not triggering correctly,Custom business rules for specialty authorizations failing to trigger. Rules engine evaluating conditions incorrectly due to data type mismatch. Causing manual review of cases that should auto-approve.
JIRA-MM-019,2025-06-02 16:39:22,Bug,john.doe@company.com,2025-05-31 17:45:38,MM Core Team,High,"Code Fix,#MM_ALDER,#MMALDR",support.team@company.com,"1. Analyze heap dump: jmap -dump:live,format=b,file=heap.bin <pid>
2. Identify leak source in background worker
3. Add proper resource cleanup in finally blocks
4. Implement connection pooling with max age
5. Deploy fix and monitor memory usage
6. Set up alerts for memory threshold (>80%)",MM_ALDER service memory leak in event handler,Memory usage grows continuously in event handler until service crashes. Heap dump shows retention of event listener objects. Issue started after recent deployment.
JIRA-MM-005,2025-03-30 06:01:24,Performance,bob.johnson@company.com,2025-03-29 17:45:38,MM Infrastructure,Medium,"Configuration Fix,#MM_ALDER",qa.team@company.com,"1. Increase connection pool size from 100 to 200
2. Implement connection timeout of 30 seconds
3. Add connection pool monitoring alerts
4. Review slow queries and add indexes
5. Deploy configuration changes
6. Monitor connection pool metrics",MM service database connection pool exhaustion,Service hitting maximum database connection limit during peak hours. Connection pool metrics show sustained 100% utilization. Causing 504 Gateway Timeout errors for member eligibility lookups.
JIRA-SP-097,2025-03-29 00:14:14,Configuration,jane.smith@company.com,2025-03-27 17:45:38,Specialty BI Team,High,"Configuration Fix,#SPECIALTY_CUSTOM",ops.team@company.com,"1. Analyze slow queries with EXPLAIN ANALYZE
2. Add database indexes on frequently filtered columns
3. Implement Redis caching for aggregate data
4. Schedule background job to pre-compute daily reports
5. Add query result pagination
6. Deploy optimizations
7. Monitor query performance metrics",Custom reporting dashboard performance degradation,Specialty business intelligence dashboard loading slowly. Report queries taking 30+ seconds. Need to optimize data aggregation and add caching layer.
JIRA-MM-013,2025-04-17 07:28:24,Bug,alice.williams@company.com,2025-04-16 17:45:38,MM Core Team,High,"Code Fix,#MM_ALDER,#MMALDR",product.team@company.com,"1. Analyze heap dump: jmap -dump:live,format=b,file=heap.bin <pid>
2. Identify leak source in background worker
3. Add proper resource cleanup in finally blocks
4. Implement connection pooling with max age
5. Deploy fix and monitor memory usage
6. Set up alerts for memory threshold (>80%)",MM_ALDER service memory leak in event handler,Memory usage grows continuously in event handler until service crashes. Heap dump shows retention of event listener objects. Issue started after recent deployment.
JIRA-SP-071,2025-01-27 17:48:29,Feature Request,diana.garcia@company.com,2025-01-26 17:45:38,Specialty Services,Medium,"Code Fix,#SPECIALTY_CUSTOM",ops.team@company.com,"1. Design workflow state machine with 5 stages
2. Implement credentialing API client
3. Build document upload and verification service
4. Create automated notification system
5. Add workflow tracking dashboard
6. Conduct UAT with business team
7. Deploy to production with phased rollout",Custom workflow automation for specialty provider onboarding,Business team needs automated workflow for specialty provider credentialing. Current manual process takes 2 weeks. Need to integrate with external credentialing API and automate document verification.
JIRA-SP-100,2025-07-05 04:44:06,Configuration,bob.johnson@company.com,2025-07-03 17:45:38,Specialty BI Team,Critical,"Configuration Fix,#SPECIALTY_CUSTOM",support.team@company.com,"1. Analyze slow queries with EXPLAIN ANALYZE
2. Add database indexes on frequently filtered columns
3. Implement Redis caching for aggregate data
4. Schedule background job to pre-compute daily reports
5. Add query result pagination
6. Deploy optimizations
7. Monitor query performance metrics",Custom reporting dashboard performance degradation,Specialty business intelligence dashboard loading slowly. Report queries taking 30+ seconds. Need to optimize data aggregation and add caching layer.
JIRA-CI-044,2025-02-15 05:14:24,Integration Issue,bob.johnson@company.com,2025-02-14 17:45:38,CIW API Team,Medium,"Configuration Fix,#CIW_INTEGRATION",ops.team@company.com,"1. Implement Redis-based token cache for shared state
2. Add automatic token refresh before expiration
3. Implement retry logic with exponential backoff
4. Add token validation logging
5. Deploy configuration changes
6. Monitor authentication success rates",CIW API authentication failures with third-party provider,OAuth token refresh failing intermittently. Receiving 401 Unauthorized errors. Token cache not properly synchronized across multiple service instances.
JIRA-SP-069,2025-07-26 02:26:33,Bug,alice.williams@company.com,2025-07-24 17:45:38,Specialty Rules Engine,Medium,"Code Fix,#SPECIALTY_CUSTOM",support.team@company.com,"1. Review rules engine evaluation logic
2. Fix data type conversions in rule conditions
3. Add validation for rule configuration
4. Implement rule testing framework
5. Update existing rules with correct data types
6. Add monitoring for rule execution failures
7. Deploy fix and monitor auto-approval rates",Specialty authorization rules not triggering correctly,Custom business rules for specialty authorizations failing to trigger. Rules engine evaluating conditions incorrectly due to data type mismatch. Causing manual review of cases that should auto-approve.
JIRA-CI-067,2025-10-07 20:58:31,Data Issue,charlie.brown@company.com,2025-10-06 17:45:38,CIW Data Team,Low,"Data Fix,#CIW_INTEGRATION",qa.team@company.com,"1. Run deduplication query to identify all duplicates
2. Create mapping table for duplicate IDs
3. Update foreign key references to canonical ID
4. Delete duplicate records
5. Implement unique constraint on member demographics
6. Update sync job to check existing members first
7. Add data quality monitoring",CIW duplicate member records in enrollment database,Finding duplicate member records with different IDs but same demographics. Data sync job not properly checking for existing members before creating new records.
JIRA-MM-016,2025-03-09 02:36:32,Performance,diana.garcia@company.com,2025-03-08 17:45:38,MM Infrastructure,Medium,"Configuration Fix,#MM_ALDER",qa.team@company.com,"1. Increase connection pool size from 100 to 200
2. Implement connection timeout of 30 seconds
3. Add connection pool monitoring alerts
4. Review slow queries and add indexes
5. Deploy configuration changes
6. Monitor connection pool metrics",MM service database connection pool exhaustion,Service hitting maximum database connection limit during peak hours. Connection pool metrics show sustained 100% utilization. Causing 504 Gateway Timeout errors for member eligibility lookups.
JIRA-CI-060,2025-06-24 03:03:28,Integration Issue,john.doe@company.com,2025-06-22 17:45:38,CIW API Team,Low,"Configuration Fix,#CIW_INTEGRATION",ops.team@company.com,"1. Implement Redis-based token cache for shared state
2. Add automatic token refresh before expiration
3. Implement retry logic with exponential backoff
4. Add token validation logging
5. Deploy configuration changes
6. Monitor authentication success rates",CIW API authentication failures with third-party provider,OAuth token refresh failing intermittently. Receiving 401 Unauthorized errors. Token cache not properly synchronized across multiple service instances.
JIRA-SP-094,2024-12-01 08:05:38,Configuration,alice.williams@company.com,2024-11-29 17:45:38,Specialty BI Team,High,"Configuration Fix,#SPECIALTY_CUSTOM",ops.team@company.com,"1. Analyze slow queries with EXPLAIN ANALYZE
2. Add database indexes on frequently filtered columns
3. Implement Redis caching for aggregate data
4. Schedule background job to pre-compute daily reports
5. Add query result pagination
6. Deploy optimizations
7. Monitor query performance metrics",Custom reporting dashboard performance degradation,Specialty business intelligence dashboard loading slowly. Report queries taking 30+ seconds. Need to optimize data aggregation and add caching layer.
JIRA-SP-068,2025-08-03 21:06:17,Feature Request,alice.williams@company.com,2025-08-02 17:45:38,Specialty Services,Medium,"Code Fix,#SPECIALTY_CUSTOM",qa.team@company.com,"1. Design workflow state machine with 5 stages
2. Implement credentialing API client
3. Build document upload and verification service
4. Create automated notification system
5. Add workflow tracking dashboard
6. Conduct UAT with business team
7. Deploy to production with phased rollout",Custom workflow automation for specialty provider onboarding,Business team needs automated workflow for specialty provider credentialing. Current manual process takes 2 weeks. Need to integrate with external credentialing API and automate document verification.
JIRA-SP-082,2025-04-20 23:11:01,Configuration,jane.smith@company.com,2025-04-19 17:45:38,Specialty BI Team,Medium,"Configuration Fix,#SPECIALTY_CUSTOM",support.team@company.com,"1. Analyze slow queries with EXPLAIN ANALYZE
2. Add database indexes on frequently filtered columns
3. Implement Redis caching for aggregate data
4. Schedule background job to pre-compute daily reports
5. Add query result pagination
6. Deploy optimizations
7. Monitor query performance metrics",Custom reporting dashboard performance degradation,Specialty business intelligence dashboard loading slowly. Report queries taking 30+ seconds. Need to optimize data aggregation and add caching layer.
JIRA-MM-030,2025-01-26 06:44:07,Bug,john.doe@company.com,2025-01-24 17:45:38,MM Core Team,Medium,"Code Fix,#MM_ALDER,#MMALDR",ops.team@company.com,"1. Analyze heap dump: jmap -dump:live,format=b,file=heap.bin <pid>
2. Identify leak source in background worker
3. Add proper resource cleanup in finally blocks
4. Implement connection pooling with max age
5. Deploy fix and monitor memory usage
6. Set up alerts for memory threshold (>80%)",MM_ALDER service memory leak in event handler,Memory usage grows continuously in event handler until service crashes. Heap dump shows retention of event listener objects. Issue started after recent deployment.
JIRA-MM-031,2024-12-01 02:57:36,Bug,alice.williams@company.com,2024-11-29 17:45:38,MM Core Team,Medium,"Code Fix,#MM_ALDER,#MMALDR",qa.team@company.com,"1. Analyze heap dump: jmap -dump:live,format=b,file=heap.bin <pid>
2. Identify leak source in background worker
3. Add proper resource cleanup in finally blocks
4. Implement connection pooling with max age
5. Deploy fix and monitor memory usage
6. Set up alerts for memory threshold (>80%)",MM_ALDER service memory leak in event handler,Memory usage grows continuously in event handler until service crashes. Heap dump shows retention of event listener objects. Issue started after recent deployment.
JIRA-SP-076,2025-01-07 07:27:33,Feature Request,diana.garcia@company.com,2025-01-05 17:45:38,Specialty Services,High,"Code Fix,#SPECIALTY_CUSTOM",ops.team@company.com,"1. Design workflow state machine with 5 stages
2. Implement credentialing API client
3. Build document upload and verification service
4. Create automated notification system
5. Add workflow tracking dashboard
6. Conduct UAT with business team
7. Deploy to production with phased rollout",Custom workflow automation for specialty provider onboarding,Business team needs automated workflow for specialty provider credentialing. Current manual process takes 2 weeks. Need to integrate with external credentialing API and automate document verification.
JIRA-MM-001,2025-03-21 03:13:48,Bug,bob.johnson@company.com,2025-03-19 17:45:38,MM Batch Processing,High,"Code Fix,#MM_ALDER,#MMALDR",support.team@company.com,"1. Implement batch processing with 1000 record chunks
2. Add pagination to database queries
3. Clear processed records from memory
4. Increase JVM heap size to 8GB
5. Add job monitoring and alerting
6. Test with production data volume",MM_ALDER batch processing job failures,Nightly batch job failing with OOM errors. Processing 500K+ records causing heap overflow. Job runs fine with smaller datasets but fails in production volume.
JIRA-SP-090,2025-03-06 14:26:09,Feature Request,alice.williams@company.com,2025-03-05 17:45:38,Specialty Services,Low,"Code Fix,#SPECIALTY_CUSTOM",support.team@company.com,"1. Design workflow state machine with 5 stages
2. Implement credentialing API client
3. Build document upload and verification service
4. Create automated notification system
5. Add workflow tracking dashboard
6. Conduct UAT with business team
7. Deploy to production with phased rollout",Custom workflow automation for specialty provider onboarding,Business team needs automated workflow for specialty provider credentialing. Current manual process takes 2 weeks. Need to integrate with external credentialing API and automate document verification.
JIRA-MM-004,2024-12-16 21:31:37,Performance,charlie.brown@company.com,2024-12-15 17:45:38,MM Infrastructure,High,"Configuration Fix,#MM_ALDER",qa.team@company.com,"1. Increase connection pool size from 100 to 200
2. Implement connection timeout of 30 seconds
3. Add connection pool monitoring alerts
4. Review slow queries and add indexes
5. Deploy configuration changes
6. Monitor connection pool metrics",MM service database connection pool exhaustion,Service hitting maximum database connection limit during peak hours. Connection pool metrics show sustained 100% utilization. Causing 504 Gateway Timeout errors for member eligibility lookups.
JIRA-SP-078,2025-01-18 14:12:08,Configuration,charlie.brown@company.com,2025-01-17 17:45:38,Specialty BI Team,Medium,"Configuration Fix,#SPECIALTY_CUSTOM",qa.team@company.com,"1. Analyze slow queries with EXPLAIN ANALYZE
2. Add database indexes on frequently filtered columns
3. Implement Redis caching for aggregate data
4. Schedule background job to pre-compute daily reports
5. Add query result pagination
6. Deploy optimizations
7. Monitor query performance metrics",Custom reporting dashboard performance degradation,Specialty business intelligence dashboard loading slowly. Report queries taking 30+ seconds. Need to optimize data aggregation and add caching layer.
JIRA-SP-095,2025-06-28 21:53:58,Feature Request,jane.smith@company.com,2025-06-28 17:45:38,Specialty Services,Medium,"Code Fix,#SPECIALTY_CUSTOM",ops.team@company.com,"1. Design workflow state machine with 5 stages
2. Implement credentialing API client
3. Build document upload and verification service
4. Create automated notification system
5. Add workflow tracking dashboard
6. Conduct UAT with business team
7. Deploy to production with phased rollout",Custom workflow automation for specialty provider onboarding,Business team needs automated workflow for specialty provider credentialing. Current manual process takes 2 weeks. Need to integrate with external credentialing API and automate document verification.
JIRA-MM-017,2025-04-10 17:24:35,Performance,john.doe@company.com,2025-04-08 17:45:38,MM Infrastructure,High,"Configuration Fix,#MM_ALDER",support.team@company.com,"1. Increase connection pool size from 100 to 200
2. Implement connection timeout of 30 seconds
3. Add connection pool monitoring alerts
4. Review slow queries and add indexes
5. Deploy configuration changes
6. Monitor connection pool metrics",MM service database connection pool exhaustion,Service hitting maximum database connection limit during peak hours. Connection pool metrics show sustained 100% utilization. Causing 504 Gateway Timeout errors for member eligibility lookups.
JIRA-MM-026,2025-07-13 13:53:05,Bug,john.doe@company.com,2025-07-11 17:45:38,MM Batch Processing,High,"Code Fix,#MM_ALDER,#MMALDR",qa.team@company.com,"1. Implement batch processing with 1000 record chunks
2. Add pagination to database queries
3. Clear processed records from memory
4. Increase JVM heap size to 8GB
5. Add job monitoring and alerting
6. Test with production data volume",MM_ALDER batch processing job failures,Nightly batch job failing with OOM errors. Processing 500K+ records causing heap overflow. Job runs fine with smaller datasets but fails in production volume.
JIRA-CI-041,2025-10-05 00:53:13,Data Issue,bob.johnson@company.com,2025-10-03 17:45:38,CIW Data Team,Medium,"Data Fix,#CIW_INTEGRATION",product.team@company.com,"1. Run deduplication query to identify all duplicates
2. Create mapping table for duplicate IDs
3. Update foreign key references to canonical ID
4. Delete duplicate records
5. Implement unique constraint on member demographics
6. Update sync job to check existing members first
7. Add data quality monitoring",CIW duplicate member records in enrollment database,Finding duplicate member records with different IDs but same demographics. Data sync job not properly checking for existing members before creating new records.
JIRA-CI-057,2025-01-17 05:42:40,Bug,diana.garcia@company.com,2025-01-16 17:45:38,CIW Integration,Medium,"Code Fix,#CIW_INTEGRATION",product.team@company.com,"1. Review validation rules in member registration/validators.py
2. Analyze rejected records to identify pattern
3. Update validation regex to handle edge cases
4. Add exception handling for null/empty values
5. Implement validation bypass for admin users
6. Update unit tests with edge case scenarios
7. Deploy to staging and test with sample data
8. Monitor error rates after production deployment",CIW data validation errors in claims submission,CIW claims submission rejecting valid records with validation errors. Error message: 'Invalid reference'. Validation logic too strict and rejecting legitimate edge cases.
JIRA-MM-014,2025-01-31 00:09:34,Bug,john.doe@company.com,2025-01-30 17:45:38,MM Core Team,Low,"Code Fix,#MM_ALDER,#MMALDR",support.team@company.com,"1. Analyze heap dump: jmap -dump:live,format=b,file=heap.bin <pid>
2. Identify leak source in background worker
3. Add proper resource cleanup in finally blocks
4. Implement connection pooling with max age
5. Deploy fix and monitor memory usage
6. Set up alerts for memory threshold (>80%)",MM_ALDER service memory leak in event handler,Memory usage grows continuously in event handler until service crashes. Heap dump shows retention of event listener objects. Issue started after recent deployment.
JIRA-CI-036,2025-06-14 07:46:03,Bug,jane.smith@company.com,2025-06-12 17:45:38,CIW Integration,Medium,"Code Fix,#CIW_INTEGRATION",qa.team@company.com,"1. Review validation rules in member registration/validators.py
2. Analyze rejected records to identify pattern
3. Update validation regex to handle edge cases
4. Add exception handling for null/empty values
5. Implement validation bypass for admin users
6. Update unit tests with edge case scenarios
7. Deploy to staging and test with sample data
8. Monitor error rates after production deployment",CIW data validation errors in claims submission,CIW claims submission rejecting valid records with validation errors. Error message: 'Invalid reference'. Validation logic too strict and rejecting legitimate edge cases.
JIRA-CI-043,2025-03-15 14:48:37,Data Issue,john.doe@company.com,2025-03-14 17:45:38,CIW Data Team,Medium,"Data Fix,#CIW_INTEGRATION",support.team@company.com,"1. Run deduplication query to identify all duplicates
2. Create mapping table for duplicate IDs
3. Update foreign key references to canonical ID
4. Delete duplicate records
5. Implement unique constraint on member demographics
6. Update sync job to check existing members first
7. Add data quality monitoring",CIW duplicate member records in enrollment database,Finding duplicate member records with different IDs but same demographics. Data sync job not properly checking for existing members before creating new records.
JIRA-MM-023,2025-05-23 18:12:58,Performance,diana.garcia@company.com,2025-05-22 17:45:38,MM Infrastructure,Low,"Configuration Fix,#MM_ALDER",qa.team@company.com,"1. Increase connection pool size from 100 to 200
2. Implement connection timeout of 30 seconds
3. Add connection pool monitoring alerts
4. Review slow queries and add indexes
5. Deploy configuration changes
6. Monitor connection pool metrics",MM service database connection pool exhaustion,Service hitting maximum database connection limit during peak hours. Connection pool metrics show sustained 100% utilization. Causing 504 Gateway Timeout errors for member eligibility lookups.
JIRA-CI-066,2025-02-17 08:04:40,Bug,john.doe@company.com,2025-02-16 17:45:38,CIW Integration,High,"Code Fix,#CIW_INTEGRATION",ops.team@company.com,"1. Review validation rules in member registration/validators.py
2. Analyze rejected records to identify pattern
3. Update validation regex to handle edge cases
4. Add exception handling for null/empty values
5. Implement validation bypass for admin users
6. Update unit tests with edge case scenarios
7. Deploy to staging and test with sample data
8. Monitor error rates after production deployment",CIW data validation errors in claims submission,CIW claims submission rejecting valid records with validation errors. Error message: 'Invalid reference'. Validation logic too strict and rejecting legitimate edge cases.
JIRA-MM-002,2025-06-20 11:57:04,Performance,bob.johnson@company.com,2025-06-19 17:45:38,MM Infrastructure,High,"Configuration Fix,#MM_ALDER",support.team@company.com,"1. Increase connection pool size from 100 to 200
2. Implement connection timeout of 30 seconds
3. Add connection pool monitoring alerts
4. Review slow queries and add indexes
5. Deploy configuration changes
6. Monitor connection pool metrics",MM service database connection pool exhaustion,Service hitting maximum database connection limit during peak hours. Connection pool metrics show sustained 100% utilization. Causing 504 Gateway Timeout errors for member eligibility lookups.
JIRA-MM-022,2025-04-30 21:54:18,Bug,bob.johnson@company.com,2025-04-30 17:45:38,MM Batch Processing,Medium,"Code Fix,#MM_ALDER,#MMALDR",qa.team@company.com,"1. Implement batch processing with 1000 record chunks
2. Add pagination to database queries
3. Clear processed records from memory
4. Increase JVM heap size to 8GB
5. Add job monitoring and alerting
6. Test with production data volume",MM_ALDER batch processing job failures,Nightly batch job failing with OOM errors. Processing 500K+ records causing heap overflow. Job runs fine with smaller datasets but fails in production volume.
JIRA-SP-086,2024-11-16 07:08:40,Configuration,jane.smith@company.com,2024-11-15 17:45:38,Specialty BI Team,Medium,"Configuration Fix,#SPECIALTY_CUSTOM",support.team@company.com,"1. Analyze slow queries with EXPLAIN ANALYZE
2. Add database indexes on frequently filtered columns
3. Implement Redis caching for aggregate data
4. Schedule background job to pre-compute daily reports
5. Add query result pagination
6. Deploy optimizations
7. Monitor query performance metrics",Custom reporting dashboard performance degradation,Specialty business intelligence dashboard loading slowly. Report queries taking 30+ seconds. Need to optimize data aggregation and add caching layer.
JIRA-MM-028,2025-03-13 00:48:34,Bug,john.doe@company.com,2025-03-11 17:45:38,MM Batch Processing,High,"Code Fix,#MM_ALDER,#MMALDR",support.team@company.com,"1. Implement batch processing with 1000 record chunks
2. Add pagination to database queries
3. Clear processed records from memory
4. Increase JVM heap size to 8GB
5. Add job monitoring and alerting
6. Test with production data volume",MM_ALDER batch processing job failures,Nightly batch job failing with OOM errors. Processing 500K+ records causing heap overflow. Job runs fine with smaller datasets but fails in production volume.
JIRA-MM-032,2025-05-04 00:22:01,Performance,john.doe@company.com,2025-05-02 17:45:38,MM Infrastructure,Medium,"Configuration Fix,#MM_ALDER",qa.team@company.com,"1. Increase connection pool size from 100 to 200
2. Implement connection timeout of 30 seconds
3. Add connection pool monitoring alerts
4. Review slow queries and add indexes
5. Deploy configuration changes
6. Monitor connection pool metrics",MM service database connection pool exhaustion,Service hitting maximum database connection limit during peak hours. Connection pool metrics show sustained 100% utilization. Causing 504 Gateway Timeout errors for member eligibility lookups.
JIRA-CI-051,2025-09-14 15:13:20,Data Issue,alice.williams@company.com,2025-09-12 17:45:38,CIW Data Team,Medium,"Data Fix,#CIW_INTEGRATION",qa.team@company.com,"1. Run deduplication query to identify all duplicates
2. Create mapping table for duplicate IDs
3. Update foreign key references to canonical ID
4. Delete duplicate records
5. Implement unique constraint on member demographics
6. Update sync job to check existing members first
7. Add data quality monitoring",CIW duplicate member records in enrollment database,Finding duplicate member records with different IDs but same demographics. Data sync job not properly checking for existing members before creating new records.
JIRA-MM-033,2025-07-11 13:17:57,Bug,bob.johnson@company.com,2025-07-09 17:45:38,MM Batch Processing,Medium,"Code Fix,#MM_ALDER,#MMALDR",ops.team@company.com,"1. Implement batch processing with 1000 record chunks
2. Add pagination to database queries
3. Clear processed records from memory
4. Increase JVM heap size to 8GB
5. Add job monitoring and alerting
6. Test with production data volume",MM_ALDER batch processing job failures,Nightly batch job failing with OOM errors. Processing 500K+ records causing heap overflow. Job runs fine with smaller datasets but fails in production volume.
JIRA-SP-093,2025-03-15 01:16:15,Configuration,alice.williams@company.com,2025-03-13 17:45:38,Specialty BI Team,High,"Configuration Fix,#SPECIALTY_CUSTOM",qa.team@company.com,"1. Analyze slow queries with EXPLAIN ANALYZE
2. Add database indexes on frequently filtered columns
3. Implement Redis caching for aggregate data
4. Schedule background job to pre-compute daily reports
5. Add query result pagination
6. Deploy optimizations
7. Monitor query performance metrics",Custom reporting dashboard performance degradation,Specialty business intelligence dashboard loading slowly. Report queries taking 30+ seconds. Need to optimize data aggregation and add caching layer.
JIRA-CI-056,2024-12-15 23:21:14,Data Issue,charlie.brown@company.com,2024-12-15 17:45:38,CIW Data Team,High,"Data Fix,#CIW_INTEGRATION",qa.team@company.com,"1. Run deduplication query to identify all duplicates
2. Create mapping table for duplicate IDs
3. Update foreign key references to canonical ID
4. Delete duplicate records
5. Implement unique constraint on member demographics
6. Update sync job to check existing members first
7. Add data quality monitoring",CIW duplicate member records in enrollment database,Finding duplicate member records with different IDs but same demographics. Data sync job not properly checking for existing members before creating new records.
JIRA-SP-070,2025-08-04 09:12:52,Feature Request,jane.smith@company.com,2025-08-02 17:45:38,Specialty Services,Low,"Code Fix,#SPECIALTY_CUSTOM",qa.team@company.com,"1. Design workflow state machine with 5 stages
2. Implement credentialing API client
3. Build document upload and verification service
4. Create automated notification system
5. Add workflow tracking dashboard
6. Conduct UAT with business team
7. Deploy to production with phased rollout",Custom workflow automation for specialty provider onboarding,Business team needs automated workflow for specialty provider credentialing. Current manual process takes 2 weeks. Need to integrate with external credentialing API and automate document verification.
JIRA-MM-015,2024-12-22 08:59:44,Performance,diana.garcia@company.com,2024-12-21 17:45:38,MM Infrastructure,High,"Configuration Fix,#MM_ALDER",ops.team@company.com,"1. Increase connection pool size from 100 to 200
2. Implement connection timeout of 30 seconds
3. Add connection pool monitoring alerts
4. Review slow queries and add indexes
5. Deploy configuration changes
6. Monitor connection pool metrics",MM service database connection pool exhaustion,Service hitting maximum database connection limit during peak hours. Connection pool metrics show sustained 100% utilization. Causing 504 Gateway Timeout errors for member eligibility lookups.
JIRA-CI-063,2025-09-03 23:05:58,Bug,diana.garcia@company.com,2025-09-03 17:45:38,CIW Integration,Medium,"Code Fix,#CIW_INTEGRATION",ops.team@company.com,"1. Review validation rules in member registration/validators.py
2. Analyze rejected records to identify pattern
3. Update validation regex to handle edge cases
4. Add exception handling for null/empty values
5. Implement validation bypass for admin users
6. Update unit tests with edge case scenarios
7. Deploy to staging and test with sample data
8. Monitor error rates after production deployment",CIW data validation errors in claims submission,CIW claims submission rejecting valid records with validation errors. Error message: 'Invalid reference'. Validation logic too strict and rejecting legitimate edge cases.
JIRA-CI-049,2025-04-16 05:33:38,Integration Issue,john.doe@company.com,2025-04-14 17:45:38,CIW API Team,Low,"Configuration Fix,#CIW_INTEGRATION",product.team@company.com,"1. Implement Redis-based token cache for shared state
2. Add automatic token refresh before expiration
3. Implement retry logic with exponential backoff
4. Add token validation logging
5. Deploy configuration changes
6. Monitor authentication success rates",CIW API authentication failures with third-party provider,OAuth token refresh failing intermittently. Receiving 401 Unauthorized errors. Token cache not properly synchronized across multiple service instances.
JIRA-CI-039,2025-05-21 21:31:09,Bug,jane.smith@company.com,2025-05-21 17:45:38,CIW Integration,Low,"Code Fix,#CIW_INTEGRATION",support.team@company.com,"1. Review validation rules in member registration/validators.py
2. Analyze rejected records to identify pattern
3. Update validation regex to handle edge cases
4. Add exception handling for null/empty values
5. Implement validation bypass for admin users
6. Update unit tests with edge case scenarios
7. Deploy to staging and test with sample data
8. Monitor error rates after production deployment",CIW data validation errors in claims submission,CIW claims submission rejecting valid records with validation errors. Error message: 'Invalid reference'. Validation logic too strict and rejecting legitimate edge cases.
JIRA-CI-052,2025-02-28 03:11:09,Bug,jane.smith@company.com,2025-02-26 17:45:38,CIW Integration,High,"Code Fix,#CIW_INTEGRATION",support.team@company.com,"1. Review validation rules in member registration/validators.py
2. Analyze rejected records to identify pattern
3. Update validation regex to handle edge cases
4. Add exception handling for null/empty values
5. Implement validation bypass for admin users
6. Update unit tests with edge case scenarios
7. Deploy to staging and test with sample data
8. Monitor error rates after production deployment",CIW data validation errors in claims submission,CIW claims submission rejecting valid records with validation errors. Error message: 'Invalid reference'. Validation logic too strict and rejecting legitimate edge cases.
JIRA-MM-027,2025-09-26 10:51:54,Bug,alice.williams@company.com,2025-09-25 17:45:38,MM Core Team,High,"Code Fix,#MM_ALDER,#MMALDR",support.team@company.com,"1. Analyze heap dump: jmap -dump:live,format=b,file=heap.bin <pid>
2. Identify leak source in background worker
3. Add proper resource cleanup in finally blocks
4. Implement connection pooling with max age
5. Deploy fix and monitor memory usage
6. Set up alerts for memory threshold (>80%)",MM_ALDER service memory leak in event handler,Memory usage grows continuously in event handler until service crashes. Heap dump shows retention of event listener objects. Issue started after recent deployment.
JIRA-CI-042,2025-01-05 18:03:50,Integration Issue,diana.garcia@company.com,2025-01-04 17:45:38,CIW API Team,High,"Configuration Fix,#CIW_INTEGRATION",ops.team@company.com,"1. Implement Redis-based token cache for shared state
2. Add automatic token refresh before expiration
3. Implement retry logic with exponential backoff
4. Add token validation logging
5. Deploy configuration changes
6. Monitor authentication success rates",CIW API authentication failures with third-party provider,OAuth token refresh failing intermittently. Receiving 401 Unauthorized errors. Token cache not properly synchronized across multiple service instances.
JIRA-CI-055,2025-07-07 07:23:38,Integration Issue,charlie.brown@company.com,2025-07-05 17:45:38,CIW API Team,High,"Configuration Fix,#CIW_INTEGRATION",ops.team@company.com,"1. Implement Redis-based token cache for shared state
2. Add automatic token refresh before expiration
3. Implement retry logic with exponential backoff
4. Add token validation logging
5. Deploy configuration changes
6. Monitor authentication success rates",CIW API authentication failures with third-party provider,OAuth token refresh failing intermittently. Receiving 401 Unauthorized errors. Token cache not properly synchronized across multiple service instances.
JIRA-SP-077,2025-09-21 05:00:59,Configuration,jane.smith@company.com,2025-09-20 17:45:38,Specialty BI Team,Critical,"Configuration Fix,#SPECIALTY_CUSTOM",qa.team@company.com,"1. Analyze slow queries with EXPLAIN ANALYZE
2. Add database indexes on frequently filtered columns
3. Implement Redis caching for aggregate data
4. Schedule background job to pre-compute daily reports
5. Add query result pagination
6. Deploy optimizations
7. Monitor query performance metrics",Custom reporting dashboard performance degradation,Specialty business intelligence dashboard loading slowly. Report queries taking 30+ seconds. Need to optimize data aggregation and add caching layer.
JIRA-SP-087,2025-08-02 17:01:08,Bug,jane.smith@company.com,2025-08-01 17:45:38,Specialty Rules Engine,Low,"Code Fix,#SPECIALTY_CUSTOM",product.team@company.com,"1. Review rules engine evaluation logic
2. Fix data type conversions in rule conditions
3. Add validation for rule configuration
4. Implement rule testing framework
5. Update existing rules with correct data types
6. Add monitoring for rule execution failures
7. Deploy fix and monitor auto-approval rates",Specialty authorization rules not triggering correctly,Custom business rules for specialty authorizations failing to trigger. Rules engine evaluating conditions incorrectly due to data type mismatch. Causing manual review of cases that should auto-approve.
JIRA-CI-061,2025-06-02 18:50:07,Integration Issue,charlie.brown@company.com,2025-06-01 17:45:38,CIW API Team,Low,"Configuration Fix,#CIW_INTEGRATION",ops.team@company.com,"1. Implement Redis-based token cache for shared state
2. Add automatic token refresh before expiration
3. Implement retry logic with exponential backoff
4. Add token validation logging
5. Deploy configuration changes
6. Monitor authentication success rates",CIW API authentication failures with third-party provider,OAuth token refresh failing intermittently. Receiving 401 Unauthorized errors. Token cache not properly synchronized across multiple service instances.
JIRA-SP-085,2025-06-16 17:23:15,Feature Request,john.doe@company.com,2025-06-15 17:45:38,Specialty Services,Medium,"Code Fix,#SPECIALTY_CUSTOM",product.team@company.com,"1. Design workflow state machine with 5 stages
2. Implement credentialing API client
3. Build document upload and verification service
4. Create automated notification system
5. Add workflow tracking dashboard
6. Conduct UAT with business team
7. Deploy to production with phased rollout",Custom workflow automation for specialty provider onboarding,Business team needs automated workflow for specialty provider credentialing. Current manual process takes 2 weeks. Need to integrate with external credentialing API and automate document verification.
JIRA-MM-025,2024-12-25 17:44:24,Performance,diana.garcia@company.com,2024-12-23 17:45:38,MM Infrastructure,High,"Configuration Fix,#MM_ALDER",support.team@company.com,"1. Increase connection pool size from 100 to 200
2. Implement connection timeout of 30 seconds
3. Add connection pool monitoring alerts
4. Review slow queries and add indexes
5. Deploy configuration changes
6. Monitor connection pool metrics",MM service database connection pool exhaustion,Service hitting maximum database connection limit during peak hours. Connection pool metrics show sustained 100% utilization. Causing 504 Gateway Timeout errors for member eligibility lookups.
JIRA-SP-099,2025-06-10 23:58:04,Configuration,john.doe@company.com,2025-06-09 17:45:38,Specialty BI Team,High,"Configuration Fix,#SPECIALTY_CUSTOM",ops.team@company.com,"1. Analyze slow queries with EXPLAIN ANALYZE
2. Add database indexes on frequently filtered columns
3. Implement Redis caching for aggregate data
4. Schedule background job to pre-compute daily reports
5. Add query result pagination
6. Deploy optimizations
7. Monitor query performance metrics",Custom reporting dashboard performance degradation,Specialty business intelligence dashboard loading slowly. Report queries taking 30+ seconds. Need to optimize data aggregation and add caching layer.
JIRA-SP-075,2025-05-09 01:10:53,Configuration,diana.garcia@company.com,2025-05-08 17:45:38,Specialty BI Team,High,"Configuration Fix,#SPECIALTY_CUSTOM",qa.team@company.com,"1. Analyze slow queries with EXPLAIN ANALYZE
2. Add database indexes on frequently filtered columns
3. Implement Redis caching for aggregate data
4. Schedule background job to pre-compute daily reports
5. Add query result pagination
6. Deploy optimizations
7. Monitor query performance metrics",Custom reporting dashboard performance degradation,Specialty business intelligence dashboard loading slowly. Report queries taking 30+ seconds. Need to optimize data aggregation and add caching layer.
JIRA-MM-011,2025-03-14 09:30:04,Bug,jane.smith@company.com,2025-03-13 17:45:38,MM Batch Processing,Low,"Code Fix,#MM_ALDER,#MMALDR",ops.team@company.com,"1. Implement batch processing with 1000 record chunks
2. Add pagination to database queries
3. Clear processed records from memory
4. Increase JVM heap size to 8GB
5. Add job monitoring and alerting
6. Test with production data volume",MM_ALDER batch processing job failures,Nightly batch job failing with OOM errors. Processing 500K+ records causing heap overflow. Job runs fine with smaller datasets but fails in production volume.
JIRA-MM-006,2024-12-23 09:10:11,Performance,jane.smith@company.com,2024-12-21 17:45:38,MM Infrastructure,Low,"Configuration Fix,#MM_ALDER",ops.team@company.com,"1. Increase connection pool size from 100 to 200
2. Implement connection timeout of 30 seconds
3. Add connection pool monitoring alerts
4. Review slow queries and add indexes
5. Deploy configuration changes
6. Monitor connection pool metrics",MM service database connection pool exhaustion,Service hitting maximum database connection limit during peak hours. Connection pool metrics show sustained 100% utilization. Causing 504 Gateway Timeout errors for member eligibility lookups.
JIRA-MM-009,2025-02-10 20:12:14,Performance,charlie.brown@company.com,2025-02-10 17:45:38,MM Infrastructure,High,"Configuration Fix,#MM_ALDER",qa.team@company.com,"1. Increase connection pool size from 100 to 200
2. Implement connection timeout of 30 seconds
3. Add connection pool monitoring alerts
4. Review slow queries and add indexes
5. Deploy configuration changes
6. Monitor connection pool metrics",MM service database connection pool exhaustion,Service hitting maximum database connection limit during peak hours. Connection pool metrics show sustained 100% utilization. Causing 504 Gateway Timeout errors for member eligibility lookups.
JIRA-CI-065,2025-06-22 12:57:50,Integration Issue,diana.garcia@company.com,2025-06-21 17:45:38,CIW API Team,Medium,"Configuration Fix,#CIW_INTEGRATION",qa.team@company.com,"1. Implement Redis-based token cache for shared state
2. Add automatic token refresh before expiration
3. Implement retry logic with exponential backoff
4. Add token validation logging
5. Deploy configuration changes
6. Monitor authentication success rates",CIW API authentication failures with third-party provider,OAuth token refresh failing intermittently. Receiving 401 Unauthorized errors. Token cache not properly synchronized across multiple service instances.
JIRA-SP-083,2025-03-07 23:39:22,Feature Request,diana.garcia@company.com,2025-03-07 17:45:38,Specialty Services,Low,"Code Fix,#SPECIALTY_CUSTOM",ops.team@company.com,"1. Design workflow state machine with 5 stages
2. Implement credentialing API client
3. Build document upload and verification service
4. Create automated notification system
5. Add workflow tracking dashboard
6. Conduct UAT with business team
7. Deploy to production with phased rollout",Custom workflow automation for specialty provider onboarding,Business team needs automated workflow for specialty provider credentialing. Current manual process takes 2 weeks. Need to integrate with external credentialing API and automate document verification.
JIRA-SP-079,2025-02-13 14:14:06,Feature Request,john.doe@company.com,2025-02-12 17:45:38,Specialty Services,High,"Code Fix,#SPECIALTY_CUSTOM",product.team@company.com,"1. Design workflow state machine with 5 stages
2. Implement credentialing API client
3. Build document upload and verification service
4. Create automated notification system
5. Add workflow tracking dashboard
6. Conduct UAT with business team
7. Deploy to production with phased rollout",Custom workflow automation for specialty provider onboarding,Business team needs automated workflow for specialty provider credentialing. Current manual process takes 2 weeks. Need to integrate with external credentialing API and automate document verification.
JIRA-MM-018,2025-07-13 21:11:25,Bug,jane.smith@company.com,2025-07-12 17:45:38,MM Core Team,High,"Code Fix,#MM_ALDER,#MMALDR",ops.team@company.com,"1. Analyze heap dump: jmap -dump:live,format=b,file=heap.bin <pid>
2. Identify leak source in background worker
3. Add proper resource cleanup in finally blocks
4. Implement connection pooling with max age
5. Deploy fix and monitor memory usage
6. Set up alerts for memory threshold (>80%)",MM_ALDER service memory leak in event handler,Memory usage grows continuously in event handler until service crashes. Heap dump shows retention of event listener objects. Issue started after recent deployment.
JIRA-SP-074,2025-09-16 09:14:36,Configuration,john.doe@company.com,2025-09-15 17:45:38,Specialty BI Team,Low,"Configuration Fix,#SPECIALTY_CUSTOM",product.team@company.com,"1. Analyze slow queries with EXPLAIN ANALYZE
2. Add database indexes on frequently filtered columns
3. Implement Redis caching for aggregate data
4. Schedule background job to pre-compute daily reports
5. Add query result pagination
6. Deploy optimizations
7. Monitor query performance metrics",Custom reporting dashboard performance degradation,Specialty business intelligence dashboard loading slowly. Report queries taking 30+ seconds. Need to optimize data aggregation and add caching layer.
JIRA-CI-053,2025-04-05 03:04:19,Bug,jane.smith@company.com,2025-04-03 17:45:38,CIW Integration,Low,"Code Fix,#CIW_INTEGRATION",qa.team@company.com,"1. Review validation rules in member registration/validators.py
2. Analyze rejected records to identify pattern
3. Update validation regex to handle edge cases
4. Add exception handling for null/empty values
5. Implement validation bypass for admin users
6. Update unit tests with edge case scenarios
7. Deploy to staging and test with sample data
8. Monitor error rates after production deployment",CIW data validation errors in claims submission,CIW claims submission rejecting valid records with validation errors. Error message: 'Invalid reference'. Validation logic too strict and rejecting legitimate edge cases.
JIRA-SP-072,2025-06-03 07:37:17,Bug,alice.williams@company.com,2025-06-02 17:45:38,Specialty Rules Engine,High,"Code Fix,#SPECIALTY_CUSTOM",qa.team@company.com,"1. Review rules engine evaluation logic
2. Fix data type conversions in rule conditions
3. Add validation for rule configuration
4. Implement rule testing framework
5. Update existing rules with correct data types
6. Add monitoring for rule execution failures
7. Deploy fix and monitor auto-approval rates",Specialty authorization rules not triggering correctly,Custom business rules for specialty authorizations failing to trigger. Rules engine evaluating conditions incorrectly due to data type mismatch. Causing manual review of cases that should auto-approve.
JIRA-CI-050,2025-08-29 01:52:24,Bug,bob.johnson@company.com,2025-08-27 17:45:38,CIW Integration,Medium,"Code Fix,#CIW_INTEGRATION",ops.team@company.com,"1. Review validation rules in member registration/validators.py
2. Analyze rejected records to identify pattern
3. Update validation regex to handle edge cases
4. Add exception handling for null/empty values
5. Implement validation bypass for admin users
6. Update unit tests with edge case scenarios
7. Deploy to staging and test with sample data
8. Monitor error rates after production deployment",CIW data validation errors in claims submission,CIW claims submission rejecting valid records with validation errors. Error message: 'Invalid reference'. Validation logic too strict and rejecting legitimate edge cases.
JIRA-CI-054,2025-02-05 09:08:18,Data Issue,john.doe@company.com,2025-02-04 17:45:38,CIW Data Team,Low,"Data Fix,#CIW_INTEGRATION",support.team@company.com,"1. Run deduplication query to identify all duplicates
2. Create mapping table for duplicate IDs
3. Update foreign key references to canonical ID
4. Delete duplicate records
5. Implement unique constraint on member demographics
6. Update sync job to check existing members first
7. Add data quality monitoring",CIW duplicate member records in enrollment database,Finding duplicate member records with different IDs but same demographics. Data sync job not properly checking for existing members before creating new records.
JIRA-MM-021,2025-01-02 04:21:50,Performance,diana.garcia@company.com,2025-01-01 17:45:38,MM Infrastructure,High,"Configuration Fix,#MM_ALDER",qa.team@company.com,"1. Increase connection pool size from 100 to 200
2. Implement connection timeout of 30 seconds
3. Add connection pool monitoring alerts
4. Review slow queries and add indexes
5. Deploy configuration changes
6. Monitor connection pool metrics",MM service database connection pool exhaustion,Service hitting maximum database connection limit during peak hours. Connection pool metrics show sustained 100% utilization. Causing 504 Gateway Timeout errors for member eligibility lookups.
JIRA-MM-007,2025-07-18 00:23:26,Bug,diana.garcia@company.com,2025-07-16 17:45:38,MM Core Team,Medium,"Code Fix,#MM_ALDER,#MMALDR",support.team@company.com,"1. Analyze heap dump: jmap -dump:live,format=b,file=heap.bin <pid>
2. Identify leak source in background worker
3. Add proper resource cleanup in finally blocks
4. Implement connection pooling with max age
5. Deploy fix and monitor memory usage
6. Set up alerts for memory threshold (>80%)",MM_ALDER service memory leak in event handler,Memory usage grows continuously in event handler until service crashes. Heap dump shows retention of event listener objects. Issue started after recent deployment.
JIRA-SP-089,2025-08-12 06:36:15,Feature Request,alice.williams@company.com,2025-08-10 17:45:38,Specialty Services,High,"Code Fix,#SPECIALTY_CUSTOM",qa.team@company.com,"1. Design workflow state machine with 5 stages
2. Implement credentialing API client
3. Build document upload and verification service
4. Create automated notification system
5. Add workflow tracking dashboard
6. Conduct UAT with business team
7. Deploy to production with phased rollout",Custom workflow automation for specialty provider onboarding,Business team needs automated workflow for specialty provider credentialing. Current manual process takes 2 weeks. Need to integrate with external credentialing API and automate document verification.
JIRA-CI-048,2025-04-14 13:44:03,Data Issue,john.doe@company.com,2025-04-12 17:45:38,CIW Data Team,Medium,"Data Fix,#CIW_INTEGRATION",product.team@company.com,"1. Run deduplication query to identify all duplicates
2. Create mapping table for duplicate IDs
3. Update foreign key references to canonical ID
4. Delete duplicate records
5. Implement unique constraint on member demographics
6. Update sync job to check existing members first
7. Add data quality monitoring",CIW duplicate member records in enrollment database,Finding duplicate member records with different IDs but same demographics. Data sync job not properly checking for existing members before creating new records.
JIRA-SP-096,2025-08-16 22:21:17,Bug,diana.garcia@company.com,2025-08-15 17:45:38,Specialty Rules Engine,Low,"Code Fix,#SPECIALTY_CUSTOM",support.team@company.com,"1. Review rules engine evaluation logic
2. Fix data type conversions in rule conditions
3. Add validation for rule configuration
4. Implement rule testing framework
5. Update existing rules with correct data types
6. Add monitoring for rule execution failures
7. Deploy fix and monitor auto-approval rates",Specialty authorization rules not triggering correctly,Custom business rules for specialty authorizations failing to trigger. Rules engine evaluating conditions incorrectly due to data type mismatch. Causing manual review of cases that should auto-approve.
JIRA-CI-038,2025-05-18 15:04:15,Integration Issue,diana.garcia@company.com,2025-05-16 17:45:38,CIW API Team,High,"Configuration Fix,#CIW_INTEGRATION",qa.team@company.com,"1. Implement Redis-based token cache for shared state
2. Add automatic token refresh before expiration
3. Implement retry logic with exponential backoff
4. Add token validation logging
5. Deploy configuration changes
6. Monitor authentication success rates",CIW API authentication failures with third-party provider,OAuth token refresh failing intermittently. Receiving 401 Unauthorized errors. Token cache not properly synchronized across multiple service instances.
JIRA-MM-034,2025-10-10 01:15:30,Bug,bob.johnson@company.com,2025-10-08 17:45:38,MM Core Team,Low,"Code Fix,#MM_ALDER,#MMALDR",product.team@company.com,"1. Analyze heap dump: jmap -dump:live,format=b,file=heap.bin <pid>
2. Identify leak source in background worker
3. Add proper resource cleanup in finally blocks
4. Implement connection pooling with max age
5. Deploy fix and monitor memory usage
6. Set up alerts for memory threshold (>80%)",MM_ALDER service memory leak in event handler,Memory usage grows continuously in event handler until service crashes. Heap dump shows retention of event listener objects. Issue started after recent deployment.
JIRA-CI-045,2024-12-30 06:20:30,Data Issue,charlie.brown@company.com,2024-12-29 17:45:38,CIW Data Team,Low,"Data Fix,#CIW_INTEGRATION",support.team@company.com,"1. Run deduplication query to identify all duplicates
2. Create mapping table for duplicate IDs
3. Update foreign key references to canonical ID
4. Delete duplicate records
5. Implement unique constraint on member demographics
6. Update sync job to check existing members first
7. Add data quality monitoring",CIW duplicate member records in enrollment database,Finding duplicate member records with different IDs but same demographics. Data sync job not properly checking for existing members before creating new records.
JIRA-MM-003,2024-12-22 10:09:18,Bug,diana.garcia@company.com,2024-12-21 17:45:38,MM Batch Processing,Critical,"Code Fix,#MM_ALDER,#MMALDR",qa.team@company.com,"1. Implement batch processing with 1000 record chunks
2. Add pagination to database queries
3. Clear processed records from memory
4. Increase JVM heap size to 8GB
5. Add job monitoring and alerting
6. Test with production data volume",MM_ALDER batch processing job failures,Nightly batch job failing with OOM errors. Processing 500K+ records causing heap overflow. Job runs fine with smaller datasets but fails in production volume.
JIRA-CI-046,2025-03-16 22:02:46,Data Issue,charlie.brown@company.com,2025-03-15 17:45:38,CIW Data Team,Medium,"Data Fix,#CIW_INTEGRATION",ops.team@company.com,"1. Run deduplication query to identify all duplicates
2. Create mapping table for duplicate IDs
3. Update foreign key references to canonical ID
4. Delete duplicate records
5. Implement unique constraint on member demographics
6. Update sync job to check existing members first
7. Add data quality monitoring",CIW duplicate member records in enrollment database,Finding duplicate member records with different IDs but same demographics. Data sync job not properly checking for existing members before creating new records.
JIRA-SP-084,2024-12-24 17:56:38,Configuration,bob.johnson@company.com,2024-12-23 17:45:38,Specialty BI Team,Critical,"Configuration Fix,#SPECIALTY_CUSTOM",support.team@company.com,"1. Analyze slow queries with EXPLAIN ANALYZE
2. Add database indexes on frequently filtered columns
3. Implement Redis caching for aggregate data
4. Schedule background job to pre-compute daily reports
5. Add query result pagination
6. Deploy optimizations
7. Monitor query performance metrics",Custom reporting dashboard performance degradation,Specialty business intelligence dashboard loading slowly. Report queries taking 30+ seconds. Need to optimize data aggregation and add caching layer.
JIRA-CI-037,2025-01-27 05:54:45,Bug,alice.williams@company.com,2025-01-26 17:45:38,CIW Integration,Medium,"Code Fix,#CIW_INTEGRATION",product.team@company.com,"1. Review validation rules in member registration/validators.py
2. Analyze rejected records to identify pattern
3. Update validation regex to handle edge cases
4. Add exception handling for null/empty values
5. Implement validation bypass for admin users
6. Update unit tests with edge case scenarios
7. Deploy to staging and test with sample data
8. Monitor error rates after production deployment",CIW data validation errors in claims submission,CIW claims submission rejecting valid records with validation errors. Error message: 'Invalid reference'. Validation logic too strict and rejecting legitimate edge cases.
JIRA-SP-088,2024-12-08 16:16:27,Feature Request,bob.johnson@company.com,2024-12-06 17:45:38,Specialty Services,High,"Code Fix,#SPECIALTY_CUSTOM",support.team@company.com,"1. Design workflow state machine with 5 stages
2. Implement credentialing API client
3. Build document upload and verification service
4. Create automated notification system
5. Add workflow tracking dashboard
6. Conduct UAT with business team
7. Deploy to production with phased rollout",Custom workflow automation for specialty provider onboarding,Business team needs automated workflow for specialty provider credentialing. Current manual process takes 2 weeks. Need to integrate with external credentialing API and automate document verification.
JIRA-CI-035,2025-08-05 10:18:53,Integration Issue,bob.johnson@company.com,2025-08-04 17:45:38,CIW API Team,High,"Configuration Fix,#CIW_INTEGRATION",qa.team@company.com,"1. Implement Redis-based token cache for shared state
2. Add automatic token refresh before expiration
3. Implement retry logic with exponential backoff
4. Add token validation logging
5. Deploy configuration changes
6. Monitor authentication success rates",CIW API authentication failures with third-party provider,OAuth token refresh failing intermittently. Receiving 401 Unauthorized errors. Token cache not properly synchronized across multiple service instances.
JIRA-CI-064,2025-04-24 02:55:11,Data Issue,charlie.brown@company.com,2025-04-23 17:45:38,CIW Data Team,Medium,"Data Fix,#CIW_INTEGRATION",ops.team@company.com,"1. Run deduplication query to identify all duplicates
2. Create mapping table for duplicate IDs
3. Update foreign key references to canonical ID
4. Delete duplicate records
5. Implement unique constraint on member demographics
6. Update sync job to check existing members first
7. Add data quality monitoring",CIW duplicate member records in enrollment database,Finding duplicate member records with different IDs but same demographics. Data sync job not properly checking for existing members before creating new records.
JIRA-CI-047,2025-03-30 01:49:16,Integration Issue,john.doe@company.com,2025-03-29 17:45:38,CIW API Team,Medium,"Configuration Fix,#CIW_INTEGRATION",ops.team@company.com,"1. Implement Redis-based token cache for shared state
2. Add automatic token refresh before expiration
3. Implement retry logic with exponential backoff
4. Add token validation logging
5. Deploy configuration changes
6. Monitor authentication success rates",CIW API authentication failures with third-party provider,OAuth token refresh failing intermittently. Receiving 401 Unauthorized errors. Token cache not properly synchronized across multiple service instances.
